polymer_MW,LA/GA,mol_MW,mol_logP,mol_TPSA,mol_melting_point,mol_Hacceptors,mol_Hdonors,mol_heteroatoms,drug/polymer,surfactant_concentration,surfactant_HLB,aqueous/organic,pH,solvent_polarity_index,particle_size,EE,LC
14,1,392.41,2.08,100.59,267.5,6,3,9,1,1.5,18,4,0,5.1,210,25.18,20.12
14,1,392.41,2.08,100.59,267.5,6,3,9,0.5,1.5,18,4,0,5.1,198,44.83,18.31
14,1,392.41,2.08,100.59,267.5,6,3,9,0.2,1.5,18,4,0,5.1,190,51.83,9.39
14,1,392.41,2.08,100.59,267.5,6,3,9,0.1,1.5,18,4,0,5.1,181,86.6,7.97
14,1,392.41,2.08,100.59,267.5,6,3,9,0.05,1.5,18,4,0,5.1,232,60.6,2.94
45,1,284.75,3.15,32.67,132,2,0,4,0.029,0.2,20.5,4,0,5.1,214,82,2.29
45,1,284.75,3.15,32.67,132,2,0,4,0.143,0.2,20.5,4,0,5.1,211,88,11.17
45,1,284.75,3.15,32.67,132,2,0,4,0.3,0.85,20.5,6,0,5.1,176,77,18.77
45,1,284.75,3.15,32.67,132,2,0,4,0.029,0.85,20.5,2,0,5.1,194,81,2.26
45,1,284.75,3.15,32.67,132,2,0,4,0.3,0.2,20.5,4,0,5.1,190,82,19.74
45,1,284.75,3.15,32.67,132,2,0,4,0.5,0.85,20.5,4,0,5.1,148,84,29.58
45,1,284.75,3.15,32.67,132,2,0,4,0.3,0.85,20.5,2,0,5.1,169,82,19.74
45,1,284.75,3.15,32.67,132,2,0,4,0.086,0.85,20.5,4,0,5.1,183,84,6.72
45,1,284.75,3.15,32.67,132,2,0,4,0.017,0.85,20.5,4,0,5.1,286,87,1.43
45,1,284.75,3.15,32.67,132,2,0,4,0.143,1.5,20.5,4,0,5.1,180,86,10.94
45,1,284.75,3.15,32.67,132,2,0,4,0.3,1.5,20.5,4,0,5.1,163,79,19.16
45,1,284.75,3.15,32.67,132,2,0,4,0.05,0.2,20.5,4,0,5.1,337,92,4.4
45,1,284.75,3.15,32.67,132,2,0,4,0.086,1.5,20.5,6,0,5.1,175,85,6.79
45,1,284.75,3.15,32.67,132,2,0,4,0.05,1.5,20.5,4,0,5.1,226,86,4.12
45,1,284.75,3.15,32.67,132,2,0,4,0.05,0.85,20.5,2,0,5.1,257,88,4.21
45,1,284.75,3.15,32.67,132,2,0,4,0.029,1.5,20.5,4,0,5.1,169,76,2.13
45,1,284.75,3.15,32.67,132,2,0,4,0.086,0.2,20.5,2,0,5.1,201,89,7.09
45,1,284.75,3.15,32.67,132,2,0,4,0.083,0.85,20.5,4,0,5.1,276,92,7.12
45,1,284.75,3.15,32.67,132,2,0,4,0.143,0.85,20.5,2,0,5.1,177,87,11.05
45,1,284.75,3.15,32.67,132,2,0,4,0.1,0.85,20.5,4,0,5.1,149,69,6.45
45,1,284.75,3.15,32.67,132,2,0,4,0.029,0.85,20.5,6,0,5.1,180,73,2.04
45,1,284.75,3.15,32.67,132,2,0,4,0.086,0.2,20.5,6,0,5.1,258,91,7.24
45,1,284.75,3.15,32.67,132,2,0,4,0.143,0.85,20.5,6,0,5.1,189,89,11.28
45,1,284.75,3.15,32.67,132,2,0,4,0.086,1.5,20.5,2,0,5.1,174,88,7.01
45,1,284.75,3.15,32.67,132,2,0,4,0.05,0.85,20.5,6,0,5.1,298,91,4.35
45,1,284.75,3.15,32.67,132,2,0,4,0.086,0.85,20.5,4,0,5.1,183,84,6.72
12,1,400.43,0.64,147.84,123.5,7,4,10,0.3,0.5,20.5,4,1,5.1,100.4,71.53,17.67
12,1,400.43,0.64,147.84,123.5,7,4,10,0.3,0.5,20.5,2.86,1,5.1,91.6,69.86,17.33
12,1,400.43,0.64,147.84,123.5,7,4,10,0.3,0.5,20.5,2,1,5.1,85.5,67.39,16.82
12,1,400.43,0.64,147.84,123.5,7,4,10,0.2,0.5,20.5,4,1,5.1,121.7,72.65,12.69
12,1,400.43,0.64,147.84,123.5,7,4,10,0.2,0.5,20.5,2.86,1,5.1,113.8,71.42,12.5
12,1,400.43,0.64,147.84,123.5,7,4,10,0.2,0.5,20.5,2,1,5.1,101.4,68.21,12
12,1,400.43,0.64,147.84,123.5,7,4,10,0.15,0.5,20.5,4,1,5.1,132,74.19,10.01
12,1,400.43,0.64,147.84,123.5,7,4,10,0.15,0.5,20.5,2.86,1,5.1,119.5,73.76,9.96
12,1,400.43,0.64,147.84,123.5,7,4,10,0.15,0.5,20.5,2,1,5.1,108.2,70.66,9.58
12,1,400.43,0.64,147.84,123.5,7,4,10,0.3,1,20.5,4,1,5.1,111.2,72.27,17.82
12,1,400.43,0.64,147.84,123.5,7,4,10,0.3,1,20.5,2.86,1,5.1,103.5,71.64,17.69
12,1,400.43,0.64,147.84,123.5,7,4,10,0.3,1,20.5,2,1,5.1,94.9,68.34,17.01
12,1,400.43,0.64,147.84,123.5,7,4,10,0.2,1,20.5,4,1,5.1,129.7,73.23,12.77
12,1,400.43,0.64,147.84,123.5,7,4,10,0.2,1,20.5,2.86,1,5.1,118.6,72.19,12.62
12,1,400.43,0.64,147.84,123.5,7,4,10,0.2,1,20.5,2,1,5.1,110.3,69.61,12.22
12,1,400.43,0.64,147.84,123.5,7,4,10,0.15,1,20.5,4,1,5.1,159.2,75.64,10.19
12,1,400.43,0.64,147.84,123.5,7,4,10,0.15,1,20.5,2.86,1,5.1,143.2,75.08,10.12
12,1,400.43,0.64,147.84,123.5,7,4,10,0.15,1,20.5,2,1,5.1,135.6,74.46,10.05
12,1,400.43,0.64,147.84,123.5,7,4,10,0.3,1.5,20.5,4,1,5.1,132.5,73.12,17.99
12,1,400.43,0.64,147.84,123.5,7,4,10,0.3,1.5,20.5,2.86,1,5.1,125.7,70.15,17.39
12,1,400.43,0.64,147.84,123.5,7,4,10,0.3,1.5,20.5,2,1,5.1,110.6,68.81,17.11
12,1,400.43,0.64,147.84,123.5,7,4,10,0.2,1.5,20.5,4,1,5.1,143.8,74.26,12.93
12,1,400.43,0.64,147.84,123.5,7,4,10,0.2,1.5,20.5,2.86,1,5.1,131.5,73.15,12.76
12,1,400.43,0.64,147.84,123.5,7,4,10,0.2,1.5,20.5,2,1,5.1,119.6,70.85,12.41
12,1,400.43,0.64,147.84,123.5,7,4,10,0.15,1.5,20.5,4,1,5.1,168.4,76.24,10.26
12,1,400.43,0.64,147.84,123.5,7,4,10,0.15,1.5,20.5,2.86,1,5.1,154.1,75.31,10.15
12,1,400.43,0.64,147.84,123.5,7,4,10,0.15,1.5,20.5,2,1,5.1,140.8,74.79,10.09
98,3,244.27,3.68,37.3,110.1,1,1,3,0.417,0.02,29,2,-2,5.1,232.8,94.6,28.27
98,3,244.27,3.68,37.3,110.1,1,1,3,0.083,0.02,29,2,-2,5.1,209.9,85.94,6.68
98,3,244.27,3.68,37.3,110.1,1,1,3,0.083,0.04,29,2,-2,5.1,265.1,84.7,6.59
25,3,807.89,3.26,224.45,232,14,5,15,0.1,0.03,13,12.5,0,5.1,130.7,80.5,9.27
45,1,321.16,3.1,61.69,167,3,2,6,0.029,0.2,20.5,6,0,5.1,211,70,1.96
45,1,321.16,3.1,61.69,167,3,2,6,0.143,0.2,20.5,6,0,5.1,220,88.48,11.22
45,1,321.16,3.1,61.69,167,3,2,6,0.3,0.85,20.5,10,0,5.1,176,83,19.94
45,1,321.16,3.1,61.69,167,3,2,6,0.029,0.85,20.5,2,0,5.1,177,71,1.99
45,1,321.16,3.1,61.69,167,3,2,6,0.3,0.2,20.5,6,0,5.1,205,81,19.55
45,1,321.16,3.1,61.69,167,3,2,6,0.5,0.85,20.5,6,0,5.1,177,83.5,29.45
45,1,321.16,3.1,61.69,167,3,2,6,0.3,0.85,20.5,2,0,5.1,184,75,18.37
45,1,321.16,3.1,61.69,167,3,2,6,0.086,0.85,20.5,6,0,5.1,197,86.6,6.91
45,1,321.16,3.1,61.69,167,3,2,6,0.017,0.85,20.5,6,0,5.1,271,76,1.25
45,1,321.16,3.1,61.69,167,3,2,6,0.143,1.5,20.5,6,0,5.1,192,84.3,10.75
45,1,321.16,3.1,61.69,167,3,2,6,0.3,1.5,20.5,6,0,5.1,177,80,19.35
45,1,321.16,3.1,61.69,167,3,2,6,0.05,0.2,20.5,6,0,5.1,318,90.1,4.31
45,1,321.16,3.1,61.69,167,3,2,6,0.086,1.5,20.5,10,0,5.1,191,83.5,6.68
45,1,321.16,3.1,61.69,167,3,2,6,0.05,1.5,20.5,6,0,5.1,228,82,3.94
45,1,321.16,3.1,61.69,167,3,2,6,0.05,0.85,20.5,2,0,5.1,241,88,4.21
45,1,321.16,3.1,61.69,167,3,2,6,0.029,1.5,20.5,6,0,5.1,182.5,66.4,1.86
45,1,321.16,3.1,61.69,167,3,2,6,0.086,0.2,20.5,2,0,5.1,215,87.83,7
45,1,321.16,3.1,61.69,167,3,2,6,0.083,0.85,20.5,6,0,5.1,261,89,6.9
45,1,321.16,3.1,61.69,167,3,2,6,0.143,0.85,20.5,2,0,5.1,193,88,11.17
45,1,321.16,3.1,61.69,167,3,2,6,0.1,0.85,20.5,6,0,5.1,167,65.5,6.15
45,1,321.16,3.1,61.69,167,3,2,6,0.029,0.85,20.5,10,0,5.1,192,69,1.93
45,1,321.16,3.1,61.69,167,3,2,6,0.086,0.2,20.5,10,0,5.1,241,88,7.01
45,1,321.16,3.1,61.69,167,3,2,6,0.143,0.85,20.5,10,0,5.1,202,87,11.05
45,1,321.16,3.1,61.69,167,3,2,6,0.086,1.5,20.5,2,0,5.1,186,84,6.72
45,1,321.16,3.1,61.69,167,3,2,6,0.05,0.85,20.5,10,0,5.1,283,88,4.21
45,1,321.16,3.1,61.69,167,3,2,6,0.086,0.85,20.5,6,0,5.1,193,85.12,6.8
12,1,393.36,1.99,124.56,184,8,1,9,0.006,1.31,18,1.78,-2,5.1,207,33.5,0.34
14,1,628.81,4.33,120,125.5,5,4,9,0.2,0.5,29,2,0,5.1,126.6,36.5,6.8
14,1,628.81,4.33,120,125.5,5,4,9,0.2,0.75,29,2,0,5.1,131.3,29.4,5.55
14,1,628.81,4.33,120,125.5,5,4,9,0.2,1,29,2,0,5.1,140.8,21.3,4.09
14,1,628.81,4.33,120,125.5,5,4,9,0.1,0.5,29,2,0,5.1,127.3,50.9,4.84
14,1,628.81,4.33,120,125.5,5,4,9,0.1,0.75,29,2,0,5.1,136.3,48.7,4.64
14,1,628.81,4.33,120,125.5,5,4,9,0.1,1,29,2,0,5.1,139.7,38.2,3.68
14,1,628.81,4.33,120,125.5,5,4,9,0.067,0.5,29,2,0,5.1,159.7,51.1,3.29
14,1,628.81,4.33,120,125.5,5,4,9,0.067,0.75,29,2,0,5.1,163.5,57.3,3.68
14,1,628.81,4.33,120,125.5,5,4,9,0.067,1,29,2,0,5.1,176.9,40.3,2.62
14,1,628.81,4.33,120,125.5,5,4,9,0.3,0.5,29,2,0,5.1,144.1,61.6,15.6
14,1,628.81,4.33,120,125.5,5,4,9,0.3,0.75,29,2,0,5.1,148.2,55.4,14.25
14,1,628.81,4.33,120,125.5,5,4,9,0.3,1,29,2,0,5.1,152.6,47.4,12.45
14,1,628.81,4.33,120,125.5,5,4,9,0.15,0.5,29,2,0,5.1,155.6,83.3,11.11
14,1,628.81,4.33,120,125.5,5,4,9,0.15,0.75,29,2,0,5.1,159.6,73.2,9.89
14,1,628.81,4.33,120,125.5,5,4,9,0.15,1,29,2,0,5.1,165.2,63.1,8.65
14,1,628.81,4.33,120,125.5,5,4,9,0.1,0.5,29,2,0,5.1,162.6,91.4,8.37
14,1,628.81,4.33,120,125.5,5,4,9,0.1,0.75,29,2,0,5.1,169.7,84.6,7.8
14,1,628.81,4.33,120,125.5,5,4,9,0.1,1,29,2,0,5.1,173.8,77.5,7.19
14,1,628.81,4.33,120,125.5,5,4,9,0.4,0.5,29,2,0,5.1,142.1,93.3,27.18
14,1,628.81,4.33,120,125.5,5,4,9,0.4,0.75,29,2,0,5.1,163.3,91.4,26.77
14,1,628.81,4.33,120,125.5,5,4,9,0.4,1,29,2,0,5.1,175.5,87.6,25.95
14,1,628.81,4.33,120,125.5,5,4,9,0.2,0.5,29,2,0,5.1,214.8,95.7,16.07
14,1,628.81,4.33,120,125.5,5,4,9,0.2,0.75,29,2,0,5.1,231.3,91.4,15.45
14,1,628.81,4.33,120,125.5,5,4,9,0.2,1,29,2,0,5.1,233.6,75.3,13.09
14,1,628.81,4.33,120,125.5,5,4,9,0.133,0.5,29,2,0,5.1,207.4,93.8,11.12
14,1,628.81,4.33,120,125.5,5,4,9,0.133,0.75,29,2,0,5.1,237.1,85.1,10.19
14,1,628.81,4.33,120,125.5,5,4,9,0.133,1,29,2,0,5.1,236.1,71.1,8.66
57.5,1,296.84,3.27,32.34,242,2,1,4,0.25,0.16,13,4,0,5.1,220.7,57.06,8.69
57.5,1,296.84,3.27,32.34,242,2,1,4,0.083,0.24,13,4,0,5.1,267.3,68.8,13.38
57.5,1,296.84,3.27,32.34,242,2,1,4,0.25,0.24,13,4,0,5.1,194.6,52.5,14.43
57.5,1,296.84,3.27,32.34,242,2,1,4,0.125,0.08,13,4,0,5.1,259.3,64.5,9.63
57.5,1,296.84,3.27,32.34,242,2,1,4,0.125,0.24,13,4,0,5.1,231.1,63.8,16.76
57.5,1,296.84,3.27,32.34,242,2,1,4,0.083,0.16,13,4,0,5.1,279.4,72.3,9.2
57.5,1,296.84,3.27,32.34,242,2,1,4,0.25,0.08,13,4,0,5.1,227.5,48.9,12.39
57.5,1,296.84,3.27,32.34,242,2,1,4,0.125,0.16,13,4,0,5.1,243.2,66.9,14.67
57.5,1,296.84,3.27,32.34,242,2,1,4,0.083,0.08,13,4,0,5.1,331.6,65.7,13.49
26.5,1,853.92,3.74,221.29,214.5,14,4,15,0.05,1,18,2,0,5.1,223.4,82.1,3.94
26.5,1,853.92,3.74,221.29,214.5,14,4,15,0.02,1,18,2,0,5.1,218.6,87.8,1.73
26.5,1,853.92,3.74,221.29,214.5,14,4,15,0.02,1,18,4,0,5.1,302.9,80.4,1.58
26.5,1,853.92,3.74,221.29,214.5,14,4,15,0.1,1,18,2,0,5.1,266.8,80.1,7.42
26.5,1,853.92,3.74,221.29,214.5,14,4,15,0.04,1,18,2,0,5.1,201.9,85.5,3.31
26.5,1,853.92,3.74,221.29,214.5,14,4,15,0.04,1,18,4,0,5.1,246.2,80.2,3.11
12,1,749,1.9,180.08,114,14,5,14,0.333,2,18,16,0,5.1,212,78.5,20.74
12,1,749,1.9,180.08,114,14,5,14,0.5,2,18,16,0,5.1,230,66.8,25.04
12,1,749,1.9,180.08,114,14,5,14,1,2,18,16,0,5.1,252,50.5,33.55
2.4,1,479.02,3.93,55.08,165,3,1,6,0.008,0.1,20.5,10,0,5.1,171.5,47,0.39
3.2,2.33,479.02,3.93,55.08,165,3,1,6,0.008,0.1,20.5,10,0,5.1,166.7,56,0.46
17,1,479.02,3.93,55.08,165,3,1,6,0.008,0.1,20.5,10,0,5.1,164.6,18,0.15
60,1,350.44,4.92,46.34,212,5,0,5,0.002,0,0,2.5,0,5.1,61,52.3,0.1
60,1,350.44,4.92,46.34,212,5,0,5,0.002,0,0,2.5,0,4,60,49.2,0.1
60,1,350.44,4.92,46.34,212,5,0,5,0.005,0,0,2.5,0,5.1,51,25.5,0.12
60,1,350.44,4.92,46.34,212,5,0,5,0.005,0,0,2.5,0,4,67,28,0.14
60,1,350.44,4.92,46.34,212,5,0,5,0.05,0,0,2.5,0,5.1,54,3.8,0.19
60,1,350.44,4.92,46.34,212,5,0,5,0.05,0,0,2.5,0,4,83,6.4,0.32
60,1,350.44,4.92,46.34,212,5,0,5,0.005,0,0,2.5,0,5.1,51,25.5,0.12
75,1.86,350.44,4.92,46.34,212,5,0,5,0.005,0,0,2.5,0,5.1,75,25.7,0.13
75,5.67,350.44,4.92,46.34,212,5,0,5,0.005,0,0,2.5,0,5.1,99,30.1,0.15
60,1,350.44,4.92,46.34,212,5,0,5,0.005,0,0,10,0,5.1,100,13.7,0.07
60,1,350.44,4.92,46.34,212,5,0,5,0.005,0,0,2.5,0,5.1,68,7.4,0.04
60,1,350.44,4.92,46.34,212,5,0,5,0.005,0,0,3.5,0,5.1,64,8.1,0.04
60,1,350.44,4.92,46.34,212,5,0,5,0.005,0,0,2.5,0,5.1,51,25.5,0.12
60,1,350.44,4.92,46.34,212,5,0,5,0.005,0,0,2,0,5.1,53,32.4,0.16
45,1,705.65,5.58,104.7,166.2,12,0,14,0.2,0.3,29,10,0,5.1,175,61,10.87
45,1,705.65,5.58,104.7,166.2,12,0,14,0.1,0.3,29,10,0,5.1,178,72,6.72
45,1,705.65,5.58,104.7,166.2,12,0,14,0.067,0.3,29,10,0,5.1,191,73,4.64
12,1,380.83,1.49,89.64,235,4,2,6,0.05,1,18,3,0,5.1,234.8,55.3,2.69
12,1,375.4,1.98,83.8,167.5,6,2,8,0.1,1,18,3,0,5.1,176.6,34.1,3.3
90,3,372.55,3.81,58.2,253,2,2,4,0.1,0.5,20.5,10,0,5.8,355.68,80.56,7.46
90,3,372.55,3.81,58.2,253,2,2,4,0.05,0.5,20.5,10,0,5.8,575.97,90.72,4.34
90,3,372.55,3.81,58.2,253,2,2,4,0.033,0.5,20.5,10,0,5.8,1012.04,98.9,3.19
90,3,372.55,3.81,58.2,253,2,2,4,0.1,0.25,20.5,10,0,5.8,229.1,92.06,8.43
90,3,372.55,3.81,58.2,253,2,2,4,0.1,0.5,20.5,10,0,5.8,211.25,85.47,7.87
90,3,372.55,3.81,58.2,253,2,2,4,0.1,1,20.5,10,0,5.8,365.62,80.28,7.43
90,3,372.55,3.81,58.2,253,2,2,4,0.1,0.5,20.5,10,0,5.8,503.59,85.07,7.84
90,3,372.55,3.81,58.2,253,2,2,4,0.1,0.5,20.5,10,0,5.8,447.96,90.52,8.3
90,3,372.55,3.81,58.2,253,2,2,4,0.1,0.5,20.5,10,0,5.8,398.95,92.85,8.5
48,1,625.04,4.2,103.86,300,6,0,9,0.175,0,0,5,0,7.2,113.5,64.3,9.59
48,1,625.04,4.2,103.86,300,6,0,9,0.057,0,0,40,0,7.2,93.3,43,2.32
48,1,625.04,4.2,103.86,300,6,0,9,0.1,0,0,22.5,0,7.2,103.5,48.7,4.43
48,1,625.04,4.2,103.86,300,6,0,9,0.1,0,0,22.5,0,7.2,85.6,50.7,4.61
48,1,625.04,4.2,103.86,300,6,0,9,0.25,0,0,22.5,0,7.2,90.3,33.4,6.68
48,1,625.04,4.2,103.86,300,6,0,9,0.1,0,0,22.5,0,7.2,108.1,47.3,4.3
48,1,625.04,4.2,103.86,300,6,0,9,0.175,0,0,40,0,7.2,78.3,33.9,5.04
48,1,625.04,4.2,103.86,300,6,0,9,0.143,0,0,40,0,7.2,104.4,30.6,3.83
48,1,625.04,4.2,103.86,300,6,0,9,0.07,0,0,40,0,7.2,92.2,56.3,3.68
48,1,625.04,4.2,103.86,300,6,0,9,0.057,0,0,5,0,7.2,123.1,60.5,3.27
48,1,625.04,4.2,103.86,300,6,0,9,0.04,0,0,22.5,0,7.2,105.2,71.5,2.75
48,1,625.04,4.2,103.86,300,6,0,9,0.1,0,0,22.5,0,7.2,112.8,49.4,4.49
48,1,625.04,4.2,103.86,300,6,0,9,0.1,0,0,22.5,0,7.2,108.2,60.6,5.5
48,1,625.04,4.2,103.86,300,6,0,9,0.1,0,0,22.5,0,7.2,117.3,51.7,4.7
48,1,625.04,4.2,103.86,300,6,0,9,0.07,0,0,5,0,7.2,125.9,79,5.16
48,1,625.04,4.2,103.86,300,6,0,9,0.1,0,0,22.5,0,7.2,122.6,59,5.36
48,1,625.04,4.2,103.86,300,6,0,9,0.143,0,0,5,0,7.2,125.8,50.4,6.3
45,1,298.38,2.84,46.15,87,5,0,5,0.067,0.5,18,3,0,5.1,190.2,78.5,4.9
45,1,298.38,2.84,46.15,87,5,0,5,0.067,1,18,3,0,5.1,214.3,80,5
45,1,298.38,2.84,46.15,87,5,0,5,0.133,1,18,3,0,5.1,196.8,78.3,9.2
45,1,298.38,2.84,46.15,87,5,0,5,0.133,0.5,18,3,0,5.1,245.5,80.6,9.5
45,1,298.38,2.84,46.15,87,5,0,5,0.133,0.5,18,2,0,5.1,129.3,86.9,10.2
98,3,244.27,3.68,37.3,110.1,1,1,3,0.139,1,29,2,-2,5.1,245.2,92.07,11.34
98,3,244.27,3.68,37.3,110.1,1,1,3,0.139,1,29,2,-1,5.1,157.7,74.4,9.37
98,3,244.27,3.68,37.3,110.1,1,1,3,0.417,1,29,2,-2,5.1,232.8,94.6,28.27
98,3,244.27,3.68,37.3,110.1,1,1,3,0.417,1,29,2,-1,5.1,185.7,87.3,26.67
98,3,244.27,3.68,37.3,110.1,1,1,3,0.139,2,29,2,-1,5.1,286,97.53,11.93
98,3,244.27,3.68,37.3,110.1,1,1,3,0.139,2,29,2,-1,5.1,210.3,80.05,10.01
98,3,244.27,3.68,37.3,110.1,1,1,3,0.417,2,29,2,-2,5.1,277.6,93.55,28.05
98,3,244.27,3.68,37.3,110.1,1,1,3,0.417,2,29,2,-1,5.1,266.8,89.39,27.14
98,3,244.27,3.68,37.3,110.1,1,1,3,0.278,1.5,29,2,0,5.1,205.4,85.42,19.18
98,3,244.27,3.68,37.3,110.1,1,1,3,0.278,1.5,29,2,-2,5.1,247.9,94.16,20.73
98,3,244.27,3.68,37.3,110.1,1,1,3,0.511,1.5,29,2,-1,5.1,229.9,88.65,31.18
98,3,244.27,3.68,37.3,110.1,1,1,3,0.044,1.5,29,2,-1,5.1,223.7,89.62,3.83
98,3,244.27,3.68,37.3,110.1,1,1,3,0.278,2.34,29,2,-1,5.1,221.6,85.37,19.17
98,3,244.27,3.68,37.3,110.1,1,1,3,0.278,0.66,29,2,-1,5.1,185.1,84.74,19.05
98,3,244.27,3.68,37.3,110.1,1,1,3,0.278,1.5,29,2,-1,5.1,202.5,81.33,18.43
98,3,244.27,3.68,37.3,110.1,1,1,3,0.278,1.5,29,2,-1,5.1,204,80.68,18.31
15.3,1,130.08,-0.8,65.72,282,2,2,5,0.02,1,18,2,0,5.1,181.4,4.91,0.17
15.3,1,130.08,-0.8,65.72,282,2,2,5,0.06,1,18,2,0,5.1,184.9,7.03,0.89
15.3,1,130.08,-0.8,65.72,282,2,2,5,0.1,1,18,2,0,5.1,185.8,8.46,1.65
15.3,1,130.08,-0.8,65.72,282,2,2,5,0.16,1,18,2,0,5.1,187.6,8.57,2.83
15.3,1,130.08,-0.8,65.72,282,2,2,5,0.2,1,18,2,0,5.1,186.2,8.64,3.28
15.3,1,130.08,-0.8,65.72,282,2,2,5,0.24,1,18,2,0,5.1,188.4,8.64,4.4
15.3,1,130.08,-0.8,65.72,282,2,2,5,0.3,1,18,2,0,5.1,190.7,8.52,5.43
12,1,182.22,2.88,13.14,52,1,0,1,0.04,1,20.5,7.5,0,5.1,214.5,68,2.7
45,1,256.1,2.01,90.71,217,5,2,7,0.1,1,20.5,5,0,5.1,184.6,84.87,10.21
95.5,3,260.38,2.85,32.34,242,2,1,3,0.04,0.8,18,3,0,5.1,92.2,5.4,0.22
12,1,239.32,1.31,72.72,151,4,4,4,0.053,0,0,5,0,5.1,127,25.2,1.3
10,1,588.56,1.34,160.83,243.5,13,3,13,0.1,1,29,2.5,0,5.1,91.8,57.64,1.04
10,1,588.56,1.34,160.83,243.5,13,3,13,0.1,1,29,2.5,0,5.1,103.7,66.11,1.14
10,1,588.56,1.34,160.83,243.5,13,3,13,0.1,1,29,2.5,0,5.1,105.1,78.99,1.45
45,1,557.61,0.83,180.97,100.5,14,2,16,0.1,0.5,29,3.33,0,5.1,209.53,39.49,3.8
45,1,557.61,0.83,180.97,100.5,14,2,16,0.05,0.5,29,3.33,0,5.1,189.4,30.68,1.51
93,1.86,254.29,3.11,54.37,94,2,1,3,0.5,1,29,10,0,5.1,216,13.21,6.2
93,1.86,430.72,8.84,29.46,94,2,1,2,0.5,1,29,10,0,5.1,253,88.25,30.62
69.9,3,254.29,3.11,54.37,94,2,1,3,0.5,1,29,10,0,5.1,207,7.91,3.8
69.9,3,430.72,8.84,29.46,94,2,1,2,0.5,1,29,10,0,5.1,257,90.28,31.1
12,1,316.35,3.6,57.15,116.5,5,1,5,0.02,0,0,2.5,0,5.1,117,31,0.61
12,1,316.35,3.6,57.15,116.5,5,1,5,0.01,0,0,2.5,0,5.1,198,32,0.41
46,1,152.15,1.18,46.53,131,3,1,3,0.5,0.1,20.5,10,0,4,178,0.3,0.2
46,1,166.18,1.57,46.53,116,3,1,3,0.5,0.1,20.5,10,0,4,191,1.3,0.8
46,1,180.2,1.96,46.53,96.5,3,1,3,0.5,0.1,20.5,10,0,4,184,2.2,1.3
46,1,194.23,2.35,46.53,68.5,3,1,3,0.5,0.1,20.5,10,0,4,186,4.9,3.1
46,1,236.31,3.52,46.53,49.8,3,1,3,0.5,0.1,20.5,10,0,4,201,7.4,6.6
46,1,250.34,3.91,46.53,50,3,1,3,0.5,0.1,20.5,10,0,4,176,12.3,8.9
18,1,414.63,5.71,38.69,205.5,3,1,3,0.5,0.5,29,10,0,5.8,272.6,58.48,4.54
18,1,414.63,5.71,38.69,205.5,3,1,3,0.333,0.5,29,10,0,5.8,147.98,78.68,8.38
18,1,414.63,5.71,38.69,205.5,3,1,3,0.25,0.5,29,10,0,5.8,346.6,72.8,7.07
31,1,466.98,4.1,80.67,196,5,1,7,0.231,0.85,15,2,0,5.1,205.2,80.37,15.65
31,1,466.98,4.1,80.67,196,5,1,7,0.176,0.85,15,2,0,5.1,245.8,80.14,12.39
31,1,466.98,4.1,80.67,196,5,1,7,0.105,1,15,2,0,5.1,174.3,70.62,6.92
31,1,466.98,4.1,80.67,196,5,1,7,0.176,0.85,15,2,0,5.1,173.3,89.67,13.66
31,1,466.98,4.1,80.67,196,5,1,7,0.211,0.7,15,2,0,5.1,162,93.28,16.41
31,1,466.98,4.1,80.67,196,5,1,7,0.211,0.7,15,2,0,5.1,154.3,87.22,15.51
31,1,466.98,4.1,80.67,196,5,1,7,0.176,1.15,15,2,0,5.1,145.3,77,11.96
31,1,466.98,4.1,80.67,196,5,1,7,0.267,0.7,15,2,0,5.1,155,91.64,19.64
31,1,466.98,4.1,80.67,196,5,1,7,0.176,0.85,15,2,0,5.1,112.9,87.46,13.37
31,1,466.98,4.1,80.67,196,5,1,7,0.143,0.85,15,2,0,5.1,159.7,85.04,10.83
31,1,466.98,4.1,80.67,196,5,1,7,0.105,0.7,15,2,0,5.1,155.3,84.04,8.13
31,1,466.98,4.1,80.67,196,5,1,7,0.267,1,15,2,0,5.1,157.2,88.64,19.12
31,1,466.98,4.1,80.67,196,5,1,7,0.211,1,15,2,0,5.1,156.5,79.94,14.41
31,1,466.98,4.1,80.67,196,5,1,7,0.211,1,15,2,0,5.1,140.1,96.82,16.93
31,1,466.98,4.1,80.67,196,5,1,7,0.176,0.55,15,2,0,5.1,146.4,88.21,13.47
31,1,466.98,4.1,80.67,196,5,1,7,0.133,0.7,15,2,0,5.1,140,78.27,9.45
31,1,466.98,4.1,80.67,196,5,1,7,0.105,0.7,15,2,0,5.1,158.6,67.76,6.66
31,1,466.98,4.1,80.67,196,5,1,7,0.133,1,15,2,0,5.1,138.4,64.78,7.95
31,1,466.98,4.1,80.67,196,5,1,7,0.105,1,15,2,0,5.1,137.7,82.05,7.95
31,1,466.98,4.1,80.67,196,5,1,7,0.059,0.85,15,2,0,5.1,148.7,15.91,0.93
31,1,466.98,4.1,80.67,196,5,1,7,0.267,1,15,2,0,5.1,142.6,81.65,17.88
31,1,466.98,4.1,80.67,196,5,1,7,0.267,0.7,15,2,0,5.1,147.1,89.7,19.3
31,1,466.98,4.1,80.67,196,5,1,7,0.133,1,15,2,0,5.1,147.6,71.49,8.7
31,1,466.98,4.1,80.67,196,5,1,7,0.294,0.85,15,2,0,5.1,150.6,92.81,21.44
31,1,466.98,4.1,80.67,196,5,1,7,0.133,0.7,15,2,0,5.1,151.1,69.22,8.45
31,1,466.98,4.1,80.67,196,5,1,7,0.176,0.85,15,2,0,5.1,146.5,83.24,12.81
40,1,914.19,6.18,195.43,184,13,3,14,0.1,2,16.7,10,0,5.1,151.65,74.25,6.91
40,1,285.34,3,38.77,131.5,3,0,4,0.1,2,16.7,10,0,5.1,137.06,91.1,8.35
12,1,256.1,2.01,90.71,217,5,2,7,0.2,0.5,18,4,0,5.1,142.7,64.14,11.37
12,1,256.1,2.01,90.71,217,5,2,7,0.2,0.5,18,3.03,0,5.1,128.6,60.1,10.73
12,1,256.1,2.01,90.71,217,5,2,7,0.2,0.5,18,2,0,5.1,114.3,58.59,10.49
12,1,256.1,2.01,90.71,217,5,2,7,0.13,0.5,18,4,0,5.1,156.6,74.38,8.82
12,1,256.1,2.01,90.71,217,5,2,7,0.13,0.5,18,3.03,0,5.1,146.7,72.74,8.64
12,1,256.1,2.01,90.71,217,5,2,7,0.13,0.5,18,2,0,5.1,129.5,69.13,8.25
12,1,256.1,2.01,90.71,217,5,2,7,0.1,0.5,18,4,0,5.1,170.7,83.36,7.69
12,1,256.1,2.01,90.71,217,5,2,7,0.1,0.5,18,3.03,0,5.1,154.4,81.78,7.56
12,1,256.1,2.01,90.71,217,5,2,7,0.1,0.5,18,2,0,5.1,143,79.17,7.34
12,1,256.1,2.01,90.71,217,5,2,7,0.2,1,18,4,0,5.1,136.3,61.67,10.98
12,1,256.1,2.01,90.71,217,5,2,7,0.2,1,18,3.03,0,5.1,122.3,57.93,10.38
12,1,256.1,2.01,90.71,217,5,2,7,0.2,1,18,2,0,5.1,109.1,56.21,10.11
12,1,256.1,2.01,90.71,217,5,2,7,0.13,1,18,4,0,5.1,148.6,73.59,8.73
12,1,256.1,2.01,90.71,217,5,2,7,0.13,1,18,3.03,0,5.1,137.2,70.38,8.38
12,1,256.1,2.01,90.71,217,5,2,7,0.13,1,18,2,0,5.1,122.7,68.65,8.19
12,1,256.1,2.01,90.71,217,5,2,7,0.1,1,18,4,0,5.1,161.5,81.78,7.56
12,1,256.1,2.01,90.71,217,5,2,7,0.1,1,18,3.03,0,5.1,149.7,80.59,7.46
12,1,256.1,2.01,90.71,217,5,2,7,0.1,1,18,2,0,5.1,133.9,78.28,7.26
12,1,256.1,2.01,90.71,217,5,2,7,0.2,1.5,18,4,0,5.1,129.5,57.9,10.38
12,1,256.1,2.01,90.71,217,5,2,7,0.2,1.5,18,3.03,0,5.1,113.4,54.66,9.85
12,1,256.1,2.01,90.71,217,5,2,7,0.2,1.5,18,2,0,5.1,101,52.39,9.48
12,1,256.1,2.01,90.71,217,5,2,7,0.13,1.5,18,4,0,5.1,142.6,70.24,8.37
12,1,256.1,2.01,90.71,217,5,2,7,0.13,1.5,18,3.03,0,5.1,132.9,66.84,7.99
12,1,256.1,2.01,90.71,217,5,2,7,0.13,1.5,18,2,0,5.1,115.7,65.25,7.82
12,1,256.1,2.01,90.71,217,5,2,7,0.1,1.5,18,4,0,5.1,154.5,78.8,7.3
12,1,256.1,2.01,90.71,217,5,2,7,0.1,1.5,18,3.03,0,5.1,141.6,75.99,7.06
12,1,256.1,2.01,90.71,217,5,2,7,0.1,1.5,18,2,0,5.1,125.5,73.26,6.83
12,1,263.38,2.63,32.7,180.5,3,1,3,0.2,0.5,18,4,0,5.1,154.8,60.28,10.76
12,1,263.38,2.63,32.7,180.5,3,1,3,0.2,0.5,18,3,0,5.1,139.5,56.49,10.15
12,1,263.38,2.63,32.7,180.5,3,1,3,0.2,0.5,18,2,0,5.1,124.1,55.06,9.92
12,1,263.38,2.63,32.7,180.5,3,1,3,0.133,0.5,18,4,0,5.1,169.9,69.91,8.53
12,1,263.38,2.63,32.7,180.5,3,1,3,0.133,0.5,18,3,0,5.1,159.1,68.36,8.35
12,1,263.38,2.63,32.7,180.5,3,1,3,0.133,0.5,18,2,0,5.1,140.5,64.97,7.97
12,1,263.38,2.63,32.7,180.5,3,1,3,0.1,0.5,18,4,0,5.1,185.3,78.35,7.27
12,1,263.38,2.63,32.7,180.5,3,1,3,0.1,0.5,18,3,0,5.1,167.6,76.86,7.14
12,1,263.38,2.63,32.7,180.5,3,1,3,0.1,0.5,18,2,0,5.1,155.1,74.4,6.92
12,1,263.38,2.63,32.7,180.5,3,1,3,0.2,1,18,4,0,5.1,143.6,57.96,10.39
12,1,263.38,2.63,32.7,180.5,3,1,3,0.2,1,18,3,0,5.1,128.9,54.45,9.82
12,1,263.38,2.63,32.7,180.5,3,1,3,0.2,1,18,2,0,5.1,114.9,52.83,9.56
12,1,263.38,2.63,32.7,180.5,3,1,3,0.133,1,18,4,0,5.1,156.6,69.16,8.44
12,1,263.38,2.63,32.7,180.5,3,1,3,0.133,1,18,3,0,5.1,144.5,66.15,8.11
12,1,263.38,2.63,32.7,180.5,3,1,3,0.133,1,18,2,0,5.1,129.2,64.52,7.92
12,1,263.38,2.63,32.7,180.5,3,1,3,0.1,1,18,4,0,5.1,170.1,77.9,7.23
12,1,263.38,2.63,32.7,180.5,3,1,3,0.1,1,18,3,0,5.1,157.7,75.74,7.04
12,1,263.38,2.63,32.7,180.5,3,1,3,0.1,1,18,2,0,5.1,141.1,73.57,6.85
12,1,263.38,2.63,32.7,180.5,3,1,3,0.2,1.5,18,4,0,5.1,139.2,54.42,9.82
12,1,263.38,2.63,32.7,180.5,3,1,3,0.2,1.5,18,3,0,5.1,121.9,51.37,9.32
12,1,263.38,2.63,32.7,180.5,3,1,3,0.2,1.5,18,2,0,5.1,108.6,49.23,8.96
12,1,263.38,2.63,32.7,180.5,3,1,3,0.133,1.5,18,4,0,5.1,153.2,66.01,8.09
12,1,263.38,2.63,32.7,180.5,3,1,3,0.133,1.5,18,3,0,5.1,142.8,62.82,7.73
12,1,263.38,2.63,32.7,180.5,3,1,3,0.133,1.5,18,2,0,5.1,124.3,61.32,7.56
12,1,263.38,2.63,32.7,180.5,3,1,3,0.1,1.5,18,4,0,5.1,166,74.05,6.89
12,1,263.38,2.63,32.7,180.5,3,1,3,0.1,1.5,18,3,0,5.1,152.1,71.42,6.67
12,1,263.38,2.63,32.7,180.5,3,1,3,0.1,1.5,18,2,0,5.1,134.9,68.85,6.44
12,1,319.86,0.87,19.37,105,3,0,5,0.025,0,0,3.33,0,5.1,220,3.12,0.52
62.5,1,196.21,2.95,30.21,174,2,0,2,0.01,0.25,29,1,0,5.1,164,33,0.31
62.5,1,166.14,-1.05,83.54,300,4,2,6,0.01,0.25,29,1,0,5.1,164,41.5,0.39
31,1,206.29,3.07,37.3,54,1,1,2,0.056,0.5,18,2,-2,5.1,234.1,93.4,4.93
31,1,206.29,3.07,37.3,54,1,1,2,0.056,0.3,15,2,-2,5.1,146,87.5,4.64
31,1,206.29,3.07,37.3,54,1,1,2,0.056,1,29,2,-2,5.1,159.5,85.1,4.51
62.5,1,137.14,-0.31,68.01,171.4,3,2,4,0.706,0.1,20.5,4,0,5.1,185,10,0.5
18.7,1,602.81,8.91,111.9,132,6,3,6,0.05,0.03,13,2,0,5.1,90.21,53.43,2.6
18.7,1,602.81,8.91,111.9,132,6,3,6,0.1,0.03,13,2,0,5.1,88.05,88.32,8.12
18.7,1,602.81,8.91,111.9,132,6,3,6,0.15,0.03,13,2,0,5.1,95.45,60.61,8.33
10,1,668.6,3.11,197.24,118,15,0,15,0.389,1,15,4,0,5.1,145,90.51,17.07
5,1,166.18,1.6,46.53,146,3,1,3,0.667,0.8,29,3,0,5.1,237.7,86.26,36.51
31,1,300.44,5.6,37.3,181,1,1,2,0.125,0,0,2.86,0,5.1,220,98.8,11
31,1,622.76,7.16,61.86,217.5,8,0,8,0.03,2,18,4,0,5.1,177,63.72,1.88
45,1,557.61,0.83,180.97,100.5,14,2,16,0.1,0.5,29,3.33,0,5.1,209.53,40,3.85
45,1,557.61,0.83,180.97,100.5,14,2,16,0.05,0.5,29,3.33,0,5.1,189.4,30,1.48
6,1,853.92,3.74,221.29,214.5,14,4,15,0.01,0.25,29,2,0,5.1,122,82.73,0.82
14.5,1,853.92,3.74,221.29,214.5,14,4,15,0.01,0.25,29,2,0,5.1,133,81.82,0.81
63.6,3,853.92,3.74,221.29,214.5,14,4,15,0.01,0.25,29,2,0,5.1,160,81.82,0.81
31,1,359.35,0.76,122.91,88.5,8,3,10,0.2,1,18,3,0,5.1,144.5,88.4,16.98
29.19,3,244.27,3.68,37.3,110.1,1,1,3,0.417,1,29,2,-2,5.1,240,76.37,24.14
29.19,3,244.27,3.68,37.3,110.1,1,1,3,0.417,1,29,2,-2,5.1,205.3,97.75,28.94
29.19,3,244.27,3.68,37.3,110.1,1,1,3,0.417,2,29,2,-2,5.1,236,77.36,24.38
29.19,3,244.27,3.68,37.3,110.1,1,1,3,0.417,2,29,2,-2,5.1,186,87.11,26.63
29.19,3,244.27,3.68,37.3,110.1,1,1,3,0.417,1,29,2,-1,5.1,182,52.68,18
29.19,3,244.27,3.68,37.3,110.1,1,1,3,0.417,1,29,2,-1,5.1,203.3,77.75,24.47
29.19,3,244.27,3.68,37.3,110.1,1,1,3,0.417,2,29,2,-1,5.1,183,59.54,19.88
29.19,3,244.27,3.68,37.3,110.1,1,1,3,0.417,2,29,2,-1,5.1,175.7,74.38,23.66
29.19,3,244.27,3.68,37.3,110.1,1,1,3,0.417,1.5,29,2,-1,5.1,179.3,85.18,26.19
29.19,3,244.27,3.68,37.3,110.1,1,1,3,0.417,1.5,29,2,-1,5.1,203.3,38.46,13.81
29.19,3,244.27,3.68,37.3,110.1,1,1,3,0.417,2.34,29,2,-1,5.1,166,66.69,21.75
29.19,3,244.27,3.68,37.3,110.1,1,1,3,0.417,0.66,29,2,-1,5.1,183,63.76,20.99
29.19,3,244.27,3.68,37.3,110.1,1,1,3,0.417,1.5,29,2,0,5.1,185,65.34,21.4
29.19,3,244.27,3.68,37.3,110.1,1,1,3,0.417,1.5,29,2,-2,5.1,201.7,82.52,25.59
29.19,3,244.27,3.68,37.3,110.1,1,1,3,0.417,1.5,29,2,-1,5.1,182.3,68.22,22.13
29.19,3,244.27,3.68,37.3,110.1,1,1,3,0.417,1.5,29,2,-1,5.1,179,64.94,21.3
95.5,3,244.27,3.68,37.3,110.1,1,1,3,0.417,1,29,2,-2,5.1,232.8,94.6,28.27
236.37,1,368.39,3.37,93.06,183,6,2,6,0.056,1,18,2,0,5.1,214,48.15,2.65
236.37,1,327.12,3.86,92.47,227.5,4,2,8,0.056,1,18,2,0,5.1,215.6,70.23,4.31
29.19,3,255.27,2.97,59.42,182.5,3,1,4,0.059,1,18,2,-2,5.1,566.5,87.69,4.91
29.19,3,255.27,2.97,59.42,182.5,3,1,4,0.176,1,18,2,-2,5.1,597.6,90.26,13.74
29.19,3,255.27,2.97,59.42,182.5,3,1,4,0.059,2,18,2,-2,5.1,605,82.57,4.63
29.19,3,255.27,2.97,59.42,182.5,3,1,4,0.176,2,18,2,-2,5.1,611.2,90.85,13.82
29.19,3,255.27,2.97,59.42,182.5,3,1,4,0.053,1,18,2,-2,5.1,539,85.14,4.29
29.19,3,255.27,2.97,59.42,182.5,3,1,4,0.158,1,18,2,-2,5.1,532.1,89.29,12.36
29.19,3,255.27,2.97,59.42,182.5,3,1,4,0.053,2,18,2,-2,5.1,784.3,89.93,4.52
29.19,3,255.27,2.97,59.42,182.5,3,1,4,0.158,2,18,2,-2,5.1,641.5,89.01,12.32
29.19,3,255.27,2.97,59.42,182.5,3,1,4,0.158,2,18,2,-1,5.1,348.3,66.5,9.5
29.19,3,255.27,2.97,59.42,182.5,3,1,4,0.053,2,18,2,-1,5.1,280.1,49.79,2.55
29.19,3,255.27,2.97,59.42,182.5,3,1,4,0.158,1,18,2,-1,5.1,324.3,80.02,11.22
29.19,3,255.27,2.97,59.42,182.5,3,1,4,0.053,1,18,2,-1,5.1,265.4,62.05,3.16
29.19,3,255.27,2.97,59.42,182.5,3,1,4,0.176,2,18,2,-1,5.1,408.9,45.54,7.44
29.19,3,255.27,2.97,59.42,182.5,3,1,4,0.059,2,18,2,-1,5.1,318.4,39.79,2.29
29.19,3,255.27,2.97,59.42,182.5,3,1,4,0.176,1,18,2,-1,5.1,327.6,69.51,10.93
29.19,3,255.27,2.97,59.42,182.5,3,1,4,0.059,1,18,2,-1,5.1,269.9,72.74,4.1
29.19,3,255.27,2.97,59.42,182.5,3,1,4,0.222,1.5,18,2,-1,5.1,433.9,77.23,14.65
29.19,3,255.27,2.97,59.42,182.5,3,1,4,0.125,1.5,18,2,-1,5.1,326.7,0,0
29.19,3,255.27,2.97,59.42,182.5,3,1,4,0.111,2.5,18,2,-1,5.1,368.2,80.29,8.19
29.19,3,255.27,2.97,59.42,182.5,3,1,4,0.111,0.5,18,2,-1,5.1,343.8,80.34,8.2
29.19,3,255.27,2.97,59.42,182.5,3,1,4,0.1,1.5,18,2,-1,5.1,421,77.15,7.16
29.19,3,255.27,2.97,59.42,182.5,3,1,4,0.125,1.5,18,2,-1,5.1,340.4,68.48,7.89
29.19,3,255.27,2.97,59.42,182.5,3,1,4,0.111,1.5,18,2,0,5.1,321.4,58.7,6.12
29.19,3,255.27,2.97,59.42,182.5,3,1,4,0.111,1.5,18,2,-2,5.1,611.8,86.39,8.76
29.19,3,255.27,2.97,59.42,182.5,3,1,4,0.111,1.5,18,2,-1,5.1,354.6,62.01,6.45
29.19,3,255.27,2.97,59.42,182.5,3,1,4,0.111,1.5,18,2,-1,5.1,357.8,62.09,6.45
1.22,1,315.68,4.07,38.33,140,2,1,7,0.05,1,20.5,20,0,5.1,217,85.9,4.3
1.22,1,293.37,2.93,78.29,81.5,5,0,5,0.1,0.25,29,2,0,5.1,136.25,41.21,3.96
1.22,1,293.37,2.93,78.29,81.5,5,0,5,0.1,0.5,29,2,0,5.1,145.2,37.61,3.62
1.22,1,293.37,2.93,78.29,81.5,5,0,5,0.1,0.75,29,2,0,5.1,153.3,39.55,3.8
1.22,1,293.37,2.93,78.29,81.5,5,0,5,0.1,0.25,29,2,0,5.1,139.45,50.53,4.81
1.22,1,293.37,2.93,78.29,81.5,5,0,5,0.1,0.5,29,2,0,5.1,154.65,45.99,4.4
1.22,1,293.37,2.93,78.29,81.5,5,0,5,0.1,0.75,29,2,0,5.1,158.05,47.87,4.57
1.22,1,293.37,2.93,78.29,81.5,5,0,5,0.1,0.25,29,2,0,5.1,158.7,56.75,5.37
1.22,1,293.37,2.93,78.29,81.5,5,0,5,0.1,0.5,29,2,0,5.1,161.65,53.26,5.06
1.22,1,293.37,2.93,78.29,81.5,5,0,5,0.1,0.75,29,2,0,5.1,174.9,57.38,5.43
1.22,1,293.37,2.93,78.29,81.5,5,0,5,0.067,0.25,29,2,0,5.1,117.8,43.29,2.81
1.22,1,293.37,2.93,78.29,81.5,5,0,5,0.067,0.5,29,2,0,5.1,129.2,44.66,2.89
1.22,1,293.37,2.93,78.29,81.5,5,0,5,0.067,0.75,29,2,0,5.1,131.4,42.42,2.75
1.22,1,293.37,2.93,78.29,81.5,5,0,5,0.067,0.25,29,2,0,5.1,127,54.82,3.53
1.22,1,293.37,2.93,78.29,81.5,5,0,5,0.067,0.5,29,2,0,5.1,140.65,48.66,3.14
1.22,1,293.37,2.93,78.29,81.5,5,0,5,0.067,0.75,29,2,0,5.1,152.65,52.66,3.39
1.22,1,293.37,2.93,78.29,81.5,5,0,5,0.067,0.25,29,2,0,5.1,141.4,58.52,3.75
1.22,1,293.37,2.93,78.29,81.5,5,0,5,0.067,0.5,29,2,0,5.1,156.3,55.04,3.54
1.22,1,293.37,2.93,78.29,81.5,5,0,5,0.067,0.75,29,2,0,5.1,161.2,57.14,3.67
1.22,1,293.37,2.93,78.29,81.5,5,0,5,0.05,0.25,29,2,0,5.1,143.66,36.66,1.8
1.22,1,293.37,2.93,78.29,81.5,5,0,5,0.05,0.5,29,2,0,5.1,149.43,43.18,2.11
1.22,1,293.37,2.93,78.29,81.5,5,0,5,0.05,0.75,29,2,0,5.1,163.35,39.11,1.92
1.22,1,293.37,2.93,78.29,81.5,5,0,5,0.05,0.25,29,2,0,5.1,136.4,49.03,2.39
1.22,1,293.37,2.93,78.29,81.5,5,0,5,0.05,0.5,29,2,0,5.1,151.25,52.53,2.56
1.22,1,293.37,2.93,78.29,81.5,5,0,5,0.05,0.75,29,2,0,5.1,166.3,46.35,2.27
1.22,1,293.37,2.93,78.29,81.5,5,0,5,0.05,0.25,29,2,0,5.1,153.26,61.65,2.99
1.22,1,293.37,2.93,78.29,81.5,5,0,5,0.05,0.5,29,2,0,5.1,165.96,59.7,2.9
1.22,1,293.37,2.93,78.29,81.5,5,0,5,0.05,0.75,29,2,0,5.1,180.15,54.32,2.64
108.95,1,521.44,4.87,93.81,219,6,1,8,0.333,0.1,15,2,0,5.1,117,90,22.4
10,1,272.78,2.19,55.56,155.5,4,1,5,0.01,0,0,3,-1,5.8,164,14.5,0.2
10,1,272.78,2.19,55.56,155.5,4,1,5,0.02,0,0,3,-1,5.8,184.1,11,0.3
10,1,272.78,2.19,55.56,155.5,4,1,5,0.04,0,0,3,-1,5.8,198,8.9,0.6
10,1,272.78,2.19,55.56,155.5,4,1,5,0.06,0,0,3,-1,5.8,203.6,7.6,1.5
10,1,272.78,2.19,55.56,155.5,4,1,5,0.1,0,0,3,-1,5.8,209.5,6.3,4.6
10,1,272.78,2.19,55.56,155.5,4,1,5,0.01,0,0,3,1,5.8,129.1,62,0.7
10,1,272.78,2.19,55.56,155.5,4,1,5,0.02,0,0,3,1,5.8,146,58.2,1.3
10,1,272.78,2.19,55.56,155.5,4,1,5,0.04,0,0,3,1,5.8,158.9,44.7,2
10,1,272.78,2.19,55.56,155.5,4,1,5,0.06,0,0,3,1,5.8,161.8,37.7,2.6
10,1,272.78,2.19,55.56,155.5,4,1,5,0.1,0,0,3,1,5.8,186.5,28.3,3.2
10,1,272.35,0.12,118.56,61,4,1,6,0.01,0,0,3,-1,5.8,148.3,36.2,0.4
10,1,272.35,0.12,118.56,61,4,1,6,0.02,0,0,3,-1,5.8,135,41.4,0.9
10,1,272.35,0.12,118.56,61,4,1,6,0.04,0,0,3,-1,5.8,81.8,44.1,2.1
10,1,272.35,0.12,118.56,61,4,1,6,0.06,0,0,3,-1,5.8,56.2,39,2.8
10,1,272.35,0.12,118.56,61,4,1,6,0.1,0,0,3,-1,5.8,20.2,34.8,4.1
51.68,1,853.92,3.74,221.29,214.5,14,4,15,0.04,1,18,20,0,5.1,103.7,52.5,2.1
44.49,1,361.37,1.54,75.01,226,6,1,8,0.08,0.1,29,2,0,5.1,80,15,0.65
1.33,1,252.27,2.64,63.4,215.5,2,1,4,0.05,0,0,5,0,5.1,148.3,69.79,3.37
1.33,1,252.27,2.64,63.4,215.5,2,1,4,0.05,0.03,13,5,0,5.1,160.2,72.13,3.48
15.1,1,317.34,4.3,66.4,280,2,2,4,0.1,0.2,18,10,0,5.8,166.63,62,4.67
31,1,300.05,1.7,70,270,2,2,5,0.1,1,18,10,0,7.2,175.1,45.13,5.38
46,1,435.89,2.52,88.18,230,6,1,10,0.035,0.5,29,3,0,5.1,205.5,91.35,3.72
19,1,392.47,1.9,94.83,263,5,3,6,0.2,0,0,2,1,5.1,217.5,34.57,6.47